{
  "acc": 0.9145040598630791,
  "f1": 0.9142857142857143,
  "auc": 0.9748158916025563,
  "recall_nlos": 0.9144316730520707,
  "recall_los": 0.9145760558904685,
  "tn": 2880,
  "fp": 269,
  "fn": 268,
  "tp": 2864,
  "threshold": 0.5400000000000003,
  "results_at_0.5": {
    "acc": 0.9094093297245661,
    "f1": 0.9103513470931148,
    "auc": 0.9748158916025563,
    "recall_nlos": 0.9224137931031537,
    "recall_los": 0.8964750714509697,
    "tn": 2823,
    "fp": 326,
    "fn": 243,
    "tp": 2889,
    "threshold": 0.5
  },
  "n_params": 2374,
  "branch_params": {
    "cir_branch": 947,
    "eca_only": 3,
    "aux_branch": 784,
    "fusion": 66,
    "classifier": 577
  },
  "latency_ms": 0.941
}