{
  "Office 1": {
    "acc": 0.924,
    "nlos_r": 0.929919137465994,
    "los_r": 0.9182058047490376,
    "auc": 0.9808700456585282,
    "n": 6000.0
  },
  "Office 2": {
    "acc": 0.9191666666666667,
    "nlos_r": 0.9205231388326893,
    "los_r": 0.9178263750825322,
    "auc": 0.97775025456472,
    "n": 6000.0
  },
  "Apartment": {
    "acc": 0.9283333333333333,
    "nlos_r": 0.9288101604274971,
    "los_r": 0.927859042552883,
    "auc": 0.9818765933446637,
    "n": 6000.0
  },
  "Workshop": {
    "acc": 0.9318333333333333,
    "nlos_r": 0.9292962356789102,
    "los_r": 0.9344651952458627,
    "auc": 0.9822750424448218,
    "n": 6000.0
  },
  "Kitchen/LivingRoom": {
    "acc": 0.9193333333333333,
    "nlos_r": 0.9174250084257103,
    "los_r": 0.9212001318823207,
    "auc": 0.979571361468071,
    "n": 6000.0
  },
  "Bedroom": {
    "acc": 0.9241666666666667,
    "nlos_r": 0.923308774279664,
    "los_r": 0.925016589249859,
    "auc": 0.9810565874545712,
    "n": 6000.0
  },
  "Boiler Room": {
    "acc": 0.9296666666666666,
    "nlos_r": 0.9344262295078903,
    "los_r": 0.924745762711551,
    "auc": 0.983047957766046,
    "n": 6000.0
  }
}