{
  "full": {
    "acc": 0.9211908931698775,
    "f1": 0.91910442882824,
    "auc": 0.9760339697128606,
    "recall_nlos": 0.897828863345818,
    "recall_los": 0.9444268021591158,
    "tn": 2974,
    "fp": 175,
    "fn": 320,
    "tp": 2812,
    "n_params": 2374,
    "threshold": 0.50,
    "pos_weight": 1.0
  },
  "no_eca": {
    "acc": 0.9181658971501353,
    "f1": 0.9161227154046997,
    "auc": 0.9740801373421472,
    "recall_nlos": 0.8962324393356015,
    "recall_los": 0.9399809463318705,
    "tn": 2960,
    "fp": 189,
    "fn": 325,
    "tp": 2807,
    "n_params": 2371,
    "threshold": 0.50,
    "pos_weight": 1.0
  },
  "concat_fuse": {
    "acc": 0.9202356312689062,
    "f1": 0.9184703010577705,
    "auc": 0.974179299151102,
    "recall_nlos": 0.9010217113662513,
    "recall_los": 0.9393458240708354,
    "tn": 2958,
    "fp": 191,
    "fn": 310,
    "tp": 2822,
    "n_params": 2836,
    "threshold": 0.50,
    "pos_weight": 1.0
  },
  "no_aux": {
    "acc": 0.8646712306957491,
    "f1": 0.8565642929463382,
    "auc": 0.9377648117122059,
    "recall_nlos": 0.8103448275859482,
    "recall_los": 0.9187043505871964,
    "tn": 2893,
    "fp": 256,
    "fn": 594,
    "tp": 2538,
    "n_params": 2374,
    "threshold": 0.50,
    "pos_weight": 1.0
  }
}
