{
  "train_loss": [
    0.37769764240918774,
    0.2965681969204983,
    0.2847988554531504,
    0.2789404380618205,
    0.27326714929118323,
    0.27219089203388097,
    0.2664393904995195,
    0.26657081706467806,
    0.2625059227619487,
    0.26183329888102225,
    0.25897315661532455,
    0.258187478737054,
    0.2540847341172166,
    0.2518901634258985,
    0.25233925346258435,
    0.2510578555161336,
    0.2498429946837635,
    0.24880689339368692,
    0.24997185833251725,
    0.2464927841484689,
    0.2442436194037806,
    0.24357750455023605,
    0.24193421885132424,
    0.24194105351251666,
    0.23967999350057298,
    0.2321870320553752,
    0.23152794101682897,
    0.2297000711012163,
    0.22827514125306655,
    0.22844331733122888,
    0.22713352724671,
    0.223049340969948,
    0.21959497727329236,
    0.21813415124316365
  ],
  "val_loss": [
    0.2970262018977325,
    0.27488168637880733,
    0.27554149195110955,
    0.2668982163341873,
    0.2720792779175673,
    0.2640597579578211,
    0.26552616786110983,
    0.2572362689770144,
    0.2567796918178037,
    0.26030048716610643,
    0.2572199209761248,
    0.2610287680259526,
    0.26780655097798334,
    0.2590328039464547,
    0.2553757103080018,
    0.25734161267681105,
    0.2546206932755515,
    0.2810673743457958,
    0.2543386993156358,
    0.2544179497973539,
    0.26457413419431614,
    0.26426163473176306,
    0.25955249708604555,
    0.25907503298388673,
    0.2624039373843866,
    0.25719401537139364,
    0.29948431755037697,
    0.2679968043578646,
    0.26371453261530936,
    0.27089056647150067,
    0.2745490234879753,
    0.2697137454361662,
    0.2677284165662146,
    0.2704691223484902
  ],
  "train_acc": [
    0.8449028298670304,
    0.8776679168087282,
    0.8799181725196045,
    0.8823729969314695,
    0.8838049778383907,
    0.8856120013637914,
    0.8878281622911695,
    0.8872485509717013,
    0.8896351858165701,
    0.888271394476645,
    0.8901125127855438,
    0.8894647118990794,
    0.8907944084555063,
    0.8927378111148995,
    0.8920218206614388,
    0.8932833276508694,
    0.8924309580634163,
    0.8932151380838732,
    0.8935560859188544,
    0.8944766450733038,
    0.895908625980225,
    0.8946130242072963,
    0.8964882372996932,
    0.89672690078418,
    0.8962836685987045,
    0.900272758267985,
    0.8991135356290487,
    0.9012274122059325,
    0.9006137061029662,
    0.9009546539379475,
    0.9009887487214456,
    0.9039549948857825,
    0.904091374019775,
    0.9063757245141494
  ],
  "val_acc": [
    0.8789373210308622,
    0.8849825007954184,
    0.8891186764237989,
    0.8876869233216672,
    0.881641743557111,
    0.8892777601018136,
    0.8872096722876233,
    0.8932548520521795,
    0.8911867642379891,
    0.8927776010181355,
    0.8923003499840916,
    0.8930957683741648,
    0.8860960865415208,
    0.8902322621699014,
    0.8918230989500477,
    0.8916640152720331,
    0.890391345847916,
    0.882118994591155,
    0.8924594336621062,
    0.8929366846961502,
    0.8857779191854915,
    0.8946866051543112,
    0.8889595927457843,
    0.892141266306077,
    0.8923003499840916,
    0.8934139357301941,
    0.8724148902322622,
    0.8910276805599745,
    0.89086859688196,
    0.8907095132039453,
    0.8888005090677696,
    0.8918230989500477,
    0.8929366846961502,
    0.8942093541202673
  ]
}