{
  "acc": 0.8869606750517434,
  "f1": 0.8953728264073092,
  "auc": 0.9780110209529509,
  "recall": 0.9699872286079183,
  "params": 24145,
  "latency_ms": 1.2181160500003898
}