{
  "lightmamba": {
    "acc": 0.9138755980861244,
    "f1": 0.9128751210067764,
    "auc": 0.9732038374218737,
    "params": 16225
  },
  "lightmamba_latency_ms": 1.7115467489902585,
  "cnn": {
    "acc": 0.8882,
    "f1": 0.8837,
    "auc": 0.9533,
    "params": 7441,
    "latency_ms": 0.66
  }
}