{
  "0": {
    "acc": 90.59067027543385,
    "f1": 90.72359127295559,
    "auc": 97.33333313054845,
    "thr": 0.4400000000000001
  },
  "1": {
    "acc": 91.64145836650215,
    "f1": 91.67327517842982,
    "auc": 97.71846218487735,
    "thr": 0.48000000000000015
  },
  "2": {
    "acc": 91.89619487342779,
    "f1": 91.9703423252879,
    "auc": 97.74833239849502,
    "thr": 0.48000000000000015
  },
  "3": {
    "acc": 91.81658971501354,
    "f1": 91.80484693877551,
    "auc": 97.78225324019829,
    "thr": 0.5200000000000002
  },
  "4": {
    "acc": 91.86435281006209,
    "f1": 91.90302646173349,
    "auc": 97.73256080403395,
    "thr": 0.46000000000000013
  }
}