{
  "acc": 0.8795736557429208,
  "f1": 0.8764888236253875,
  "auc": 0.9499836411549669,
  "params": 1578,
  "latency_ms": 0.36887606900018
}