{
  "acc": 0.9364750835854163,
  "precision": 0.9409486931268151,
  "recall": 0.9310344827586207,
  "f1": 0.9359653346172364,
  "auc": 0.9821751071819511,
  "params_trainable": 4627,
  "params_total": 4627,
  "latency_ms": 0.6374052909995953
}